customer_id,name,email,gender,age,join_date
1,Allison Hill,jillrhodes@miller.com,M,19,2023-07-02
2,Alyssa Gonzalez,shaneramirez@gmail.com,F,33,2023-03-11
3,Gina Moore,daviscolin@yahoo.com,M,26,2025-01-28
4,Andrew Stevens,smiller@montgomery.com,M,61,2022-09-15
5,Patricia Galloway,jamesshawn@martin-kelly.com,M,55,2025-06-30
6,Maria Lynch,frankgray@watts.com,F,20,2023-06-26
7,Renee Morales,robinbradley@edwards.info,M,23,2023-02-12
8,David Hoffman,zhurst@yahoo.com,M,32,2023-06-11
9,Brenda Snyder PhD,courtneyconner@carlson-cruz.org,M,53,2024-07-02
10,Tricia Valencia,maldonadoamanda@mack-peterson.com,M,63,2024-05-11
11,Aaron Bowen,williamrodriguez@hotmail.com,F,32,2023-10-12
12,Katie Gonzalez,amberosborne@hotmail.com,F,55,2022-07-06
13,Katherine Rodriguez,john39@gmail.com,F,18,2022-11-16
14,Rose Spence,donnaarroyo@baker.biz,M,62,2023-05-31
15,Nicole Vaughn,pcarney@yahoo.com,F,39,2024-05-16
16,Jocelyn Wright,andrew83@robinson.com,F,27,2022-10-18
17,Shannon Jones,elizabeth38@cummings.org,M,39,2024-07-09
18,John Russell,hopkinsmichael@owens-daniel.com,M,23,2022-10-08
19,Gerald Hensley,jameswest@white-ford.com,F,24,2024-05-24
20,Savannah Garcia,housemelinda@russell.com,F,40,2024-03-19
21,Carmen Smith,sara74@yahoo.com,F,20,2025-06-22
22,Whitney Peters,jamesrobinson@gmail.com,F,52,2024-12-21
23,Amy Edwards,hshaw@brown.com,M,42,2023-04-20
24,Barry Hensley,davidashley@hotmail.com,M,53,2025-01-14
25,Bradley Sandoval,james53@yahoo.com,F,58,2024-03-11
26,Matthew Bryant,ellisyolanda@jones.net,F,54,2023-08-21
27,Gregory Jones,justin78@turner.net,M,63,2022-07-18
28,Kristen Huynh,josephpreston@tran.com,M,20,2023-05-18
29,Sarah Wagner,davisrodney@yahoo.com,M,36,2022-09-12
30,Ray Walsh,joycearnold@yahoo.com,M,32,2024-11-23
31,Benjamin Ware,davenportbrandi@jordan.com,M,42,2024-01-23
32,Rebecca Valencia,evelynestrada@yahoo.com,F,47,2024-11-21
33,Jennifer Oliver,michellecherry@keith.com,F,28,2023-12-04
34,Jennifer Santiago,erik16@garrison.com,F,40,2024-06-20
35,Robert Savage,kellerraymond@lin-rasmussen.com,M,60,2024-01-02
36,Jennifer Zavala,wilsontara@gmail.com,F,62,2024-12-23
37,Deborah Rodriguez,jessica56@hotmail.com,M,56,2024-09-07
38,Steven Lee,zsmith@mcdaniel.com,M,52,2024-01-22
39,Travis Mccall,cortezkevin@yahoo.com,M,28,2025-05-06
40,James Phillips,robertbentley@adkins.biz,F,42,2024-11-03
41,Elizabeth Clark,rramos@gmail.com,F,58,2024-09-07
42,Steven Flynn,campbellelizabeth@rogers.com,M,61,2023-06-19
43,Brittany Williams,gibsonolivia@hotmail.com,F,21,2023-05-04
44,Janet Ross,staffordmichelle@osborne.com,M,20,2025-06-21
45,Amber Wright,danderson@schmidt.info,F,43,2025-02-11
46,Stephanie Simmons,juliawells@yahoo.com,F,22,2023-07-25
47,Destiny Strickland,joshuajones@yahoo.com,M,54,2023-07-05
48,Francisco Fernandez,jessebenson@lewis.info,F,31,2024-04-11
49,Ross Price,wwoods@molina-castaneda.biz,F,43,2024-10-19
50,Kimberly Morrison,brobinson@johnson-rogers.biz,F,27,2023-03-19
51,Tamara Hooper,qvargas@miller.com,F,26,2024-06-22
52,David Murphy,matthew64@yahoo.com,M,65,2023-08-01
53,Julie Curry,jeffrey10@herring.com,F,65,2025-02-25
54,Cameron Caldwell,xlyons@jackson-lawson.com,F,55,2023-03-17
55,Ashley Johnson,tsanders@gmail.com,F,41,2022-11-01
56,Sandra Sanchez,hoganashlee@gmail.com,M,26,2023-12-27
57,Mary Jones,atkinsonlynn@gmail.com,F,23,2024-05-09
58,Madison Poole,hthompson@nelson.info,M,25,2024-06-27
59,Nicholas Adams,ramirezshannon@hudson-barnett.com,M,58,2022-08-19
60,Frederick Freeman MD,joshua94@hotmail.com,M,61,2022-07-21
61,Cheryl Allen,ppeters@hotmail.com,F,56,2024-07-14
62,Katherine Mcguire,jeffrey34@perkins.biz,M,42,2024-11-06
63,Michael Nelson,davidlee@gmail.com,F,56,2024-10-15
64,Melissa Lee,jenny89@yahoo.com,F,51,2022-12-09
65,Elizabeth Ward,ericksondavid@gmail.com,F,53,2022-09-28
66,Melissa Martinez,salasaudrey@yahoo.com,M,61,2024-07-18
67,Cody Williams,shortrichard@gmail.com,M,61,2024-12-18
68,Amy Hernandez,mcknightdavid@yahoo.com,F,59,2025-02-01
69,Lisa Rowe,tkerr@hotmail.com,F,25,2024-05-02
70,Marc Lynch,colleenbaker@moore.net,F,45,2022-10-30
71,Jason Norris,antonio44@hotmail.com,M,47,2024-06-10
72,David Baker,owilson@hernandez.com,M,64,2023-03-20
73,Linda Holloway,smartinez@yahoo.com,F,50,2025-06-26
74,Dillon Fernandez,georgepamela@hotmail.com,M,50,2023-11-18
75,Allison Perez,barbara27@pearson.org,M,58,2024-05-13
76,Katherine Davis,qcook@gmail.com,F,58,2023-03-12
77,Michael Roberts,gibsonleonard@yahoo.com,M,27,2023-01-02
78,Jennifer Robertson,mgutierrez@cox.com,F,28,2023-05-18
79,Carlos Roberts,johnsoncrystal@gmail.com,M,56,2023-03-09
80,Adam Russell,murraydavid@jimenez.com,F,49,2024-09-03
81,Jennifer Olson,stephenthomas@gmail.com,M,25,2025-01-22
82,Sherry Shields,ymorgan@hotmail.com,F,37,2023-08-25
83,Diane Evans,seanwashington@yahoo.com,M,21,2024-11-09
84,Jamie Cantu,ashleyhall@williams-garner.biz,M,54,2024-02-25
85,Rebecca Pearson MD,waynelawrence@sawyer.com,M,23,2024-09-30
86,Alexis Thomas,harrisontanya@hanson-sanders.com,F,22,2023-11-28
87,Shannon James,cbrennan@hotmail.com,M,26,2022-10-20
88,Michael Mitchell,hamiltoncorey@padilla.com,F,53,2022-08-19
89,Robert Carter,hthomas@yahoo.com,M,34,2024-12-01
90,Catherine Thompson,tyleraguilar@gmail.com,F,31,2024-06-21
91,Julia Estrada,erica21@yahoo.com,M,63,2023-12-24
92,Elizabeth Hayden DDS,james67@gmail.com,F,43,2023-07-09
93,Ian Phillips,spencedominique@yahoo.com,F,46,2022-07-18
94,Melissa Garner,swall@lawson.com,F,25,2025-03-20
95,David Campos,bergerdebbie@kramer-johnson.com,M,32,2023-01-26
96,Edward Burgess,davidryan@schmidt-mcintyre.com,M,39,2023-08-09
97,Terry Coffey,linda71@gmail.com,M,55,2023-06-21
98,Misty Whitney,gibbsalexander@hotmail.com,M,55,2023-01-13
99,Michael Chambers,daniel37@gmail.com,M,18,2025-02-22
100,Kristina Herman,reidsteven@turner.com,M,63,2023-10-21
